article_slug,platform,post_text,hashtags
jack-the-ripper,Instagram,"London, 1888. A killer stalked the fog-choked streets of Whitechapel, and no one could stop him. Over a century later, we still don't know his name. Read the full story at HistoryNews [link in bio]","#JackTheRipper #Whitechapel #VictorianLondon #TrueCrime #UnsolvedMysteries #HistoryNews #1888 #ColdCase #BritishHistory #CriminalHistory"
jack-the-ripper,Facebook,"Who was Jack the Ripper? In 1888, a series of brutal murders terrorized London's East End — and despite one of the largest investigations in British history, the killer was never caught. What's your theory on the Ripper's identity? Read more: historynews.example.com/articles/jack-the-ripper","#JackTheRipper #UnsolvedMysteries #TrueCrime #VictorianHistory #HistoryNews"
jack-the-ripper,TikTok,"A serial killer terrorized London in 1888. Police never caught him. We still don't know who Jack the Ripper was. 🔪","#JackTheRipper #TrueCrime #UnsolvedMystery #Whitechapel #HistoryTok #DarkHistory #1888"
japanese-internment-order-9066,Instagram,"One executive order. 120,000 lives uprooted. In 1942, the U.S. government forced Japanese Americans into internment camps — citizens included. A dark chapter we must never forget. Read the full story at HistoryNews [link in bio]","#JapaneseInternment #Order9066 #WWII #CivilRights #NeverForget #AmericanHistory #HistoryNews #HumanRights #SocialJustice #AsianAmericanHistory"
japanese-internment-order-9066,Facebook,"Did you know that in 1942, a single presidential signature imprisoned 120,000 Japanese Americans — most of them U.S. citizens? Executive Order 9066 remains one of the most controversial acts in American history. How do we prevent something like this from happening again? Read more: historynews.example.com/articles/japanese-internment-order-9066","#JapaneseInternment #CivilRights #WWII #AmericanHistory #NeverAgain"
japanese-internment-order-9066,TikTok,"One signature. 120,000 Americans locked up. Not for crimes — for their heritage. Executive Order 9066 changed everything.","#JapaneseInternment #Order9066 #WWII #HistoryTok #CivilRights #DarkHistory #AmericanHistory"
jfk-assassination-photos,Instagram,"November 22, 1963. Dallas, Texas. The cameras were rolling when President Kennedy was shot. These photographers captured history's most devastating moment — and their images changed journalism forever. Read the full story at HistoryNews [link in bio]","#JFK #JFKAssassination #Dallas1963 #PresidentKennedy #Photojournalism #HistoryNews #AmericanHistory #1963 #ColdWarEra #HistoricPhotos"
jfk-assassination-photos,Facebook,"What would it be like to have your camera raised at the exact moment a president was assassinated? On November 22, 1963, several photographers in Dallas captured images that would haunt the world. Who do you think took the most impactful photo that day? Read more: historynews.example.com/articles/jfk-assassination-photos","#JFK #Photojournalism #AmericanHistory #Dallas1963 #HistoryNews"
jfk-assassination-photos,TikTok,"Photographers were RIGHT THERE when JFK was shot. Their cameras caught everything. These images changed history forever.","#JFK #JFKAssassination #Photojournalism #HistoryTok #1963 #Dallas #AmericanHistory"
johnstown-flood,Instagram,"May 31, 1889. A dam failed above Johnstown, Pennsylvania. A 40-foot wall of water obliterated an entire city in minutes, killing over 2,200 people. It was America's deadliest flood. Read the full story at HistoryNews [link in bio]","#JohnstownFlood #1889 #NaturalDisaster #Pennsylvania #AmericanHistory #HistoryNews #DamFailure #Tragedy #FloodHistory #DisasterHistory"
johnstown-flood,Facebook,"A wealthy men's club owned the dam. Engineers warned it was failing. Nothing was done. On May 31, 1889, the dam broke and a wall of water destroyed Johnstown, killing over 2,200 people. Who should have been held accountable? Read more: historynews.example.com/articles/johnstown-flood","#JohnstownFlood #AmericanHistory #NaturalDisaster #1889 #HistoryNews"
johnstown-flood,TikTok,"A dam broke. A 40-foot wall of water hit a city. 2,200 dead in minutes. The rich owners of the dam? Never held accountable.","#JohnstownFlood #NaturalDisaster #HistoryTok #1889 #Pennsylvania #DarkHistory #Tragedy"
lindbergh-kidnapping,Instagram,"1932. America's most famous baby vanished from his crib. The Lindbergh kidnapping gripped the nation and led to a trial called the 'Crime of the Century.' But did they catch the right man? Read the full story at HistoryNews [link in bio]","#LindberghKidnapping #CrimeOfTheCentury #1932 #TrueCrime #CharlesLindbergh #AmericanHistory #HistoryNews #ColdCase #Mystery #HistoricTrials"
lindbergh-kidnapping,Facebook,"In 1932, the infant son of Charles Lindbergh — the most famous man in America — was kidnapped from his nursery. The manhunt that followed became the biggest criminal investigation the country had ever seen. Do you think Bruno Hauptmann was truly guilty? Read more: historynews.example.com/articles/lindbergh-kidnapping","#LindberghBaby #TrueCrime #1930s #AmericanHistory #HistoryNews"
lindbergh-kidnapping,TikTok,"America's most famous baby was stolen from his crib in 1932. The trial that followed was absolute chaos. Was the right man convicted? 👶","#LindberghBaby #TrueCrime #CrimeOfTheCentury #HistoryTok #1932 #Mystery #ColdCase"
milgram-obedience-experiment,Instagram,"65% of ordinary people delivered what they believed were fatal electric shocks — simply because an authority figure told them to. Stanley Milgram's 1961 experiment exposed something terrifying about human nature. Read the full story at HistoryNews [link in bio]","#MilgramExperiment #Obedience #Psychology #HumanNature #SocialScience #HistoryNews #StanleyMilgram #1961 #Authority #ScienceHistory #BehavioralScience"
milgram-obedience-experiment,Facebook,"Would you electrocute a stranger if a scientist in a lab coat told you to? In 1961, Stanley Milgram proved that 65% of people would. His obedience experiment remains one of the most disturbing studies in psychology. What do you think you would have done? Read more: historynews.example.com/articles/milgram-obedience-experiment","#MilgramExperiment #Psychology #HumanBehavior #SocialScience #HistoryNews"
milgram-obedience-experiment,TikTok,"65% of people will shock a stranger to death if someone in a lab coat tells them to. That's not a movie — that's a real experiment.","#MilgramExperiment #Psychology #HistoryTok #HumanNature #DarkScience #Obedience #SocialExperiment"
moon-landing-headlines,Instagram,"July 20, 1969. One giant leap — reported 7 billion different ways. From celebration to suspicion, here's how newspapers around the world covered humanity's greatest achievement. Read the full story at HistoryNews [link in bio]","#MoonLanding #Apollo11 #1969 #SpaceHistory #NASA #Newspapers #HistoryNews #NeilArmstrong #Headlines #ColdWar #MediaHistory #OneGiantLeap"
moon-landing-headlines,Facebook,"When Apollo 11 landed on the moon, every country on Earth had something to say. Some celebrated, some were skeptical, and some used it as political ammunition. How do you think the moon landing would be covered by today's media? Read more: historynews.example.com/articles/moon-landing-headlines","#MoonLanding #Apollo11 #SpaceHistory #MediaHistory #HistoryNews"
moon-landing-headlines,TikTok,"The US landed on the moon. Here's how the Soviet Union reported it. Spoiler: they were NOT happy about it. 🌕","#MoonLanding #Apollo11 #ColdWar #HistoryTok #SpaceHistory #NASA #1969"
nixon-resignation-speech,Instagram,"August 8, 1974. Richard Nixon became the first U.S. president to resign. His televised speech was watched by 150 million Americans — a nation holding its breath. Read the full story at HistoryNews [link in bio]","#NixonResignation #Watergate #1974 #AmericanHistory #PresidentialHistory #HistoryNews #RichardNixon #Politics #USHistory #HistoricSpeeches"
nixon-resignation-speech,Facebook,"On August 8, 1974, Richard Nixon looked into the camera and told America he was resigning. It was the culmination of Watergate — the scandal that proved no one is above the law. Could something like Watergate happen in today's media landscape? Read more: historynews.example.com/articles/nixon-resignation-speech","#NixonResignation #Watergate #AmericanHistory #PresidentialHistory #HistoryNews"
nixon-resignation-speech,TikTok,"The most powerful man on Earth looked into a camera and quit. Nixon's resignation speech is still one of the wildest moments in US history.","#Nixon #Watergate #Resignation #HistoryTok #AmericanHistory #1974 #Presidential"
nuremberg-trials,Instagram,"'I was just following orders.' At Nuremberg, the world said that excuse is not enough. The trials that held Nazi war criminals accountable changed international law forever. Read the full story at HistoryNews [link in bio]","#NurembergTrials #WWII #WarCrimes #InternationalLaw #Justice #HistoryNews #Holocaust #NeverForget #HumanRights #WorldHistory #1945"
nuremberg-trials,Facebook,"After WWII, the world faced an impossible question: how do you put evil on trial? The Nuremberg Trials established that 'following orders' is no defense for atrocity. Do you think the trials delivered true justice? Read more: historynews.example.com/articles/nuremberg-trials","#NurembergTrials #WWII #Justice #InternationalLaw #HistoryNews"
nuremberg-trials,TikTok,"Nazi leaders said 'we were just following orders.' The world said that's not an excuse. The Nuremberg Trials changed law forever.","#NurembergTrials #WWII #WarCrimes #HistoryTok #Justice #InternationalLaw #NeverForget"
operation-paperclip,Instagram,"After WWII, the U.S. secretly recruited over 1,600 Nazi scientists — including rocket engineers and chemical weapons experts. Operation Paperclip built America's space program on a dark foundation. Read the full story at HistoryNews [link in bio]","#OperationPaperclip #NASA #WWII #ColdWar #SpaceRace #HistoryNews #SecretHistory #WernherVonBraun #AmericanHistory #DeclassifiedHistory #RocketScience"
operation-paperclip,Facebook,"The scientists who built America's rockets also built Nazi weapons. After WWII, the U.S. government secretly brought over 1,600 former Nazi scientists to America — and erased their pasts. Was Operation Paperclip justified, or a moral failure? Read more: historynews.example.com/articles/operation-paperclip","#OperationPaperclip #ColdWar #NASA #SecretHistory #HistoryNews"
operation-paperclip,TikTok,"The US recruited NAZI SCIENTISTS after WWII and gave them new identities. They helped build NASA. This is Operation Paperclip. 🚀","#OperationPaperclip #NASA #WWII #HistoryTok #SecretHistory #ColdWar #DarkHistory"
reagan-tear-down-wall,Instagram,"June 12, 1987. Ronald Reagan stood at the Berlin Wall and demanded: 'Mr. Gorbachev, tear down this wall!' His own advisors tried to cut the line. He said it anyway. Read the full story at HistoryNews [link in bio]","#TearDownThisWall #Reagan #BerlinWall #ColdWar #1987 #HistoryNews #AmericanHistory #Freedom #HistoricSpeeches #GermanHistory #WorldHistory"
reagan-tear-down-wall,Facebook,"Reagan's advisors told him to remove the line. The State Department fought to kill it. But on June 12, 1987, Ronald Reagan stood at the Berlin Wall and delivered six words that echoed through history. Do you think the speech actually influenced the Wall's fall? Read more: historynews.example.com/articles/reagan-tear-down-wall","#Reagan #BerlinWall #ColdWar #HistoricSpeeches #HistoryNews"
reagan-tear-down-wall,TikTok,"Reagan's own team told him to cut the line. He kept it. 'Mr. Gorbachev, TEAR DOWN THIS WALL.' Two years later, it fell.","#Reagan #BerlinWall #ColdWar #HistoryTok #TearDownThisWall #1987 #HistoricSpeech"
rosalind-franklin-dna,Instagram,"She took Photo 51 — the X-ray image that revealed DNA's structure. Watson and Crick used her work without credit and won the Nobel Prize. Rosalind Franklin died never knowing how history would remember her. Read the full story at HistoryNews [link in bio]","#RosalindFranklin #DNA #Photo51 #WomenInScience #StolenCredit #HistoryNews #ScienceHistory #WomenInSTEM #DoubleHelix #NobelPrize #Genetics"
rosalind-franklin-dna,Facebook,"Rosalind Franklin's X-ray photograph cracked the secret of DNA's structure. Watson and Crick saw her work without her knowledge — and won the Nobel Prize for it. She died at 37, never fully credited. Should the Nobel committee have recognized her? Read more: historynews.example.com/articles/rosalind-franklin-dna","#RosalindFranklin #WomenInScience #DNA #ScienceHistory #HistoryNews"
rosalind-franklin-dna,TikTok,"She photographed DNA's structure. Two men used her work. They got the Nobel Prize. She got nothing. This is Rosalind Franklin's story.","#RosalindFranklin #DNA #WomenInScience #HistoryTok #StolenCredit #Photo51 #ScienceHistory"
rosetta-stone,Instagram,"One stone. Three scripts. The key to unlocking 3,000 years of Egyptian history. Found by Napoleon's soldiers in 1799, the Rosetta Stone became the most important archaeological discovery ever made. Read the full story at HistoryNews [link in bio]","#RosettaStone #AncientEgypt #Archaeology #Hieroglyphics #1799 #HistoryNews #BritishMuseum #Napoleon #AncientHistory #Linguistics #WorldHistory"
rosetta-stone,Facebook,"For centuries, no one could read Egyptian hieroglyphics. Then in 1799, soldiers digging a fort in Egypt found a stone carved with the same text in three scripts. It took another 23 years to crack the code. Should the Rosetta Stone be returned to Egypt? Read more: historynews.example.com/articles/rosetta-stone","#RosettaStone #AncientEgypt #Archaeology #Hieroglyphics #HistoryNews"
rosetta-stone,TikTok,"Nobody could read hieroglyphics for 1,000 years. Then soldiers found ONE stone and everything changed. This is the Rosetta Stone. 🪨","#RosettaStone #AncientEgypt #Archaeology #HistoryTok #Hieroglyphics #Napoleon #Discovery"
salem-witch-trials,Instagram,"1692. Twenty people executed. Hundreds accused. A small town consumed by fear and suspicion — the Salem Witch Trials remain a haunting warning about mass hysteria. Read the full story at HistoryNews [link in bio]","#SalemWitchTrials #1692 #Salem #WitchTrials #ColonialAmerica #HistoryNews #MassHysteria #AmericanHistory #DarkHistory #Justice #Persecution"
salem-witch-trials,Facebook,"In 1692 Salem, all it took was an accusation to destroy a life. Twenty people were executed, and hundreds more were imprisoned — based on spectral evidence and mass panic. Could something like the Salem Witch Trials happen today? Read more: historynews.example.com/articles/salem-witch-trials","#SalemWitchTrials #ColonialAmerica #MassHysteria #AmericanHistory #HistoryNews"
salem-witch-trials,TikTok,"In 1692, you could be executed for witchcraft based on a teenager's dream. 20 people died. This is what mass hysteria looks like.","#SalemWitchTrials #Salem #Witchcraft #HistoryTok #DarkHistory #1692 #MassHysteria"
spanish-armada,Instagram,"1588. Spain sent 130 warships to crush England. What followed was one of the greatest naval defeats in history — and it changed the balance of world power forever. Read the full story at HistoryNews [link in bio]","#SpanishArmada #1588 #NavalHistory #England #Spain #ElizabethI #HistoryNews #Warfare #BritishHistory #PhilipII #AgeOfSail #WorldHistory"
spanish-armada,Facebook,"King Philip II of Spain assembled the mightiest fleet the world had ever seen — 130 ships carrying 30,000 men. England's smaller navy and a powerful storm turned the Armada into a catastrophe. Was it English skill or just luck that won the day? Read more: historynews.example.com/articles/spanish-armada","#SpanishArmada #NavalHistory #ElizabethI #1588 #HistoryNews"
spanish-armada,TikTok,"Spain sent 130 warships to invade England. England had fewer ships. Then a storm hit. It did NOT end well for Spain. ⛵","#SpanishArmada #NavalHistory #HistoryTok #1588 #England #Spain #EpicFail"
stanford-prison-experiment,Instagram,"1971. Stanford University. Students were randomly assigned as guards or prisoners. Within days, the 'guards' became sadistic and the 'prisoners' broke down. The experiment was shut down early. Read the full story at HistoryNews [link in bio]","#StanfordPrisonExperiment #Psychology #1971 #PhilipZimbardo #SocialScience #HistoryNews #HumanNature #PowerCorrupts #BehaviorScience #Ethics #Experiment"
stanford-prison-experiment,Facebook,"In 1971, Philip Zimbardo turned a Stanford basement into a fake prison. Ordinary college students became tyrants in less than a week. The experiment was supposed to last 14 days — it was stopped after 6. What does this say about human nature? Read more: historynews.example.com/articles/stanford-prison-experiment","#StanfordPrisonExperiment #Psychology #HumanNature #Ethics #HistoryNews"
stanford-prison-experiment,TikTok,"College students were told to play prison guards. Within DAYS they became cruel. The Stanford Prison Experiment was shut down early.","#StanfordPrisonExperiment #Psychology #HistoryTok #HumanNature #DarkScience #1971 #Experiment"
storming-of-the-bastille,Instagram,"July 14, 1789. A Parisian mob stormed the Bastille fortress, igniting the French Revolution. That single day toppled a monarchy and reshaped the modern world. Read the full story at HistoryNews [link in bio]","#StormingOfTheBastille #FrenchRevolution #1789 #BastilleDay #Paris #HistoryNews #Revolution #Liberty #FrenchHistory #WorldHistory #Monarchy"
storming-of-the-bastille,Facebook,"On July 14, 1789, an angry crowd in Paris attacked a medieval fortress — not for its prisoners, but for its gunpowder. The Storming of the Bastille became the defining moment of the French Revolution. Was it the spark of freedom, or the beginning of chaos? Read more: historynews.example.com/articles/storming-of-the-bastille","#BastilleDay #FrenchRevolution #1789 #FrenchHistory #HistoryNews"
storming-of-the-bastille,TikTok,"A mob stormed a fortress in Paris and accidentally started a revolution that changed the entire world. July 14, 1789. 🇫🇷","#Bastille #FrenchRevolution #1789 #HistoryTok #Paris #Revolution #BastilleDay"
suffragette-emily-davison,Instagram,"June 4, 1913. Emily Davison stepped onto the racetrack at the Epsom Derby and was struck by the King's horse. She died four days later — and became a martyr for women's right to vote. Read the full story at HistoryNews [link in bio]","#EmilyDavison #Suffragette #WomensRights #VotesForWomen #1913 #HistoryNews #EpsomDerby #Feminism #BritishHistory #WomenInHistory #Suffrage"
suffragette-emily-davison,Facebook,"On June 4, 1913, suffragette Emily Davison walked onto a racecourse in front of the King's horse. She died for the right to vote. Was her act deliberate protest or tragic accident? Historians still debate it. Read more: historynews.example.com/articles/suffragette-emily-davison","#Suffragette #EmilyDavison #WomensRights #VotesForWomen #HistoryNews"
suffragette-emily-davison,TikTok,"She stepped in front of the King's horse at a race. She died 4 days later. All she wanted was the right to vote. 🏇","#Suffragette #EmilyDavison #WomensRights #HistoryTok #VotesForWomen #1913 #BritishHistory"
tiananmen-square-tank-man,Instagram,"June 5, 1989. One man stood in front of a column of tanks in Tiananmen Square. No one knows his name. No one knows his fate. But his image became the most powerful symbol of defiance in history. Read the full story at HistoryNews [link in bio]","#TankMan #TiananmenSquare #1989 #China #Protest #HistoryNews #Defiance #Freedom #HumanRights #IconicPhoto #WorldHistory #Democracy"
tiananmen-square-tank-man,Facebook,"On June 5, 1989, an unknown man stood alone before a column of tanks in Beijing. The photo became one of the most iconic images of the 20th century. His identity remains unknown. What do you think happened to Tank Man? Read more: historynews.example.com/articles/tiananmen-square-tank-man","#TankMan #TiananmenSquare #1989 #HumanRights #HistoryNews"
tiananmen-square-tank-man,TikTok,"One man. Four tanks. He just stood there. Nobody knows who he was or what happened to him. Tiananmen Square, 1989.","#TankMan #TiananmenSquare #1989 #HistoryTok #China #Protest #IconicPhoto"
titanic-newspaper-coverage,Instagram,"April 15, 1912. The Titanic sank — and newspapers printed whatever they wanted. 'ALL PASSENGERS SAVED.' Some headlines were outright lies. Here's what the press really said. Read the full story at HistoryNews [link in bio]","#Titanic #1912 #Newspapers #FakeNews #MediaHistory #HistoryNews #RMS_Titanic #Headlines #Journalism #Misinformation #MaritimeHistory"
titanic-newspaper-coverage,Facebook,"When the Titanic sank in 1912, some newspapers reported that ALL passengers had been rescued. Others claimed the ship was being towed to port. The truth was far worse. Has anything really changed about how media covers disasters? Read more: historynews.example.com/articles/titanic-newspaper-coverage","#Titanic #MediaHistory #FakeNews #1912 #HistoryNews"
titanic-newspaper-coverage,TikTok,"The Titanic sank and newspapers said EVERYONE WAS SAVED. That was a lie. Here's what they actually printed. 🚢","#Titanic #FakeNews #Newspapers #HistoryTok #1912 #MediaHistory #Lies"
triangle-shirtwaist-fire,Instagram,"March 25, 1911. 146 garment workers died in the Triangle Shirtwaist Factory fire. The exit doors were locked. Some jumped from the 9th floor. This tragedy changed American labor law forever. Read the full story at HistoryNews [link in bio]","#TriangleShirtwaistFire #LaborRights #1911 #NYC #WorkersRights #HistoryNews #Tragedy #FactoryFire #AmericanHistory #LaborMovement #WorkplaceSafety"
triangle-shirtwaist-fire,Facebook,"On March 25, 1911, a fire broke out at the Triangle Shirtwaist Factory in New York City. The exit doors were locked to prevent breaks. 146 workers — mostly young immigrant women — died. Should the factory owners have faced murder charges? Read more: historynews.example.com/articles/triangle-shirtwaist-fire","#TriangleShirtwaistFire #LaborRights #WorkersRights #NYC #HistoryNews"
triangle-shirtwaist-fire,TikTok,"146 workers died because their bosses LOCKED THE DOORS. The Triangle Shirtwaist Fire changed labor laws forever. 🔥","#TriangleShirtwaistFire #LaborRights #HistoryTok #1911 #NYC #WorkersRights #DarkHistory"
tutankhamun-tomb-discovery,Instagram,"November 26, 1922. Howard Carter peered through a hole in a sealed door and saw 'wonderful things.' He had just found the tomb of Tutankhamun — untouched for 3,000 years. Read the full story at HistoryNews [link in bio]","#Tutankhamun #KingTut #AncientEgypt #Archaeology #1922 #HistoryNews #HowardCarter #ValleyOfTheKings #TombDiscovery #Pharaoh #GoldenMask #EgyptHistory"
tutankhamun-tomb-discovery,Facebook,"When Howard Carter opened Tutankhamun's tomb in 1922, he found treasures that had been sealed for over 3,000 years — including the iconic golden death mask. Then came whispers of a curse. Do you believe in the Curse of the Pharaohs? Read more: historynews.example.com/articles/tutankhamun-tomb-discovery","#Tutankhamun #AncientEgypt #Archaeology #KingTut #HistoryNews"
tutankhamun-tomb-discovery,TikTok,"A tomb sealed for 3,000 YEARS was opened in 1922. Gold everywhere. Then people started dying. The Curse of King Tut. 👑","#KingTut #Tutankhamun #AncientEgypt #HistoryTok #Archaeology #Curse #Discovery"
wright-brothers-first-flight,Instagram,"December 17, 1903. Two bicycle mechanics from Dayton, Ohio, achieved what scientists said was impossible — powered human flight. The first flight lasted just 12 seconds. Read the full story at HistoryNews [link in bio]","#WrightBrothers #FirstFlight #1903 #Aviation #KittyHawk #HistoryNews #Invention #FlightHistory #Engineering #AmericanInnovation #OhioHistory"
wright-brothers-first-flight,Facebook,"They had no college degrees and ran a bicycle shop. On December 17, 1903, Orville and Wilbur Wright proved every expert wrong by flying the first powered airplane at Kitty Hawk. What modern 'impossible' challenge do you think will be solved by unlikely innovators? Read more: historynews.example.com/articles/wright-brothers-first-flight","#WrightBrothers #FirstFlight #Aviation #Innovation #HistoryNews"
wright-brothers-first-flight,TikTok,"Two guys who fixed bikes for a living invented the airplane. No degrees. No funding. Just 12 seconds that changed the world. ✈️","#WrightBrothers #FirstFlight #Aviation #HistoryTok #KittyHawk #1903 #Innovation"
y2k-bug,Instagram,"December 31, 1999. The world held its breath. Would computers crash at midnight? Would planes fall from the sky? The Y2K Bug was the tech panic that defined the millennium — and then nothing happened. Or did it? Read the full story at HistoryNews [link in bio]","#Y2K #Y2KBug #Millennium #1999 #TechHistory #HistoryNews #Computers #NewYearsEve #DigitalAge #Programming #TechPanic #2000"
y2k-bug,Facebook,"Remember Y2K? On New Year's Eve 1999, the world braced for a digital apocalypse. Banks would fail. Power grids would crash. Planes would fall. Then midnight came — and almost nothing happened. Was Y2K an overblown hoax, or did the quiet heroes who fixed it in time just not get credit? Read more: historynews.example.com/articles/y2k-bug","#Y2K #Millennium #TechHistory #1999 #HistoryNews"
y2k-bug,TikTok,"In 1999 people thought EVERY computer would crash at midnight. Planes would fall. Banks would fail. Then... nothing happened. Or did it? 💻","#Y2K #Millennium #1999 #HistoryTok #TechHistory #Y2KBug #Digital"
zimmermann-telegram,Instagram,"January 1917. Germany secretly proposed a military alliance with Mexico — against the United States. British codebreakers intercepted the message. When America found out, it changed the course of WWI. Read the full story at HistoryNews [link in bio]","#ZimmermannTelegram #WWI #1917 #WorldWarOne #Codebreaking #HistoryNews #Espionage #AmericanHistory #Germany #Mexico #SecretMessage #WarHistory"
zimmermann-telegram,Facebook,"In 1917, Germany sent a secret message to Mexico proposing a military alliance against the United States. British intelligence intercepted and decoded it. When America learned the truth, it entered WWI. Could a single intercepted message change the course of a war today? Read more: historynews.example.com/articles/zimmermann-telegram","#ZimmermannTelegram #WWI #Espionage #Codebreaking #HistoryNews"
zimmermann-telegram,TikTok,"Germany secretly asked Mexico to attack the US. Britain intercepted the message. America entered WWI. One telegram changed everything.","#ZimmermannTelegram #WWI #Espionage #HistoryTok #Codebreaking #1917 #SecretMessage"
